,image_name
0,2020_800598.jpg
1,2020_800572.jpg
2,2020_800593.jpg
3,2020_800614.jpg
4,2020_800612.jpg
5,2020_800525.jpg
6,2020_800594.jpg
7,2020_800600.jpg
8,2020_800576.jpg
9,2020_800554.jpg
10,2020_800592.jpg
11,2020_800601.jpg
12,2020_800544.jpg
13,2020_800595.jpg
14,2020_800547.jpg
15,2020_800523.jpg
16,2020_800579.jpg
17,2020_800538.jpg
18,2020_800556.jpg
19,2020_800558.jpg
20,2020_800551.jpg
21,2020_800089.jpg
22,2020_800189.jpg
23,2020_800150.jpg
24,2020_800178.jpg
25,2020_800077.jpg
26,2020_800012.jpg
27,2020_800082.jpg
28,2020_800013.jpg
29,2020_800123.jpg
30,2020_800112.jpg
31,2020_800032.jpg
32,2020_800040.jpg
33,2020_800014.jpg
34,2020_800055.jpg
35,2020_800088.jpg
36,2020_800166.jpg
37,2020_800099.jpg
38,2020_800051.jpg
39,2020_800005.jpg
40,2020_800057.jpg
41,2020_800162.jpg
42,2020_800094.jpg
43,2020_800068.jpg
44,2020_800020.jpg
45,2020_800058.jpg
46,2020_800021.jpg
47,2020_800181.jpg
48,2020_800149.jpg
49,2020_800086.jpg
50,2020_800096.jpg
51,2020_800006.jpg
52,2020_800087.jpg
53,2020_800018.jpg
54,2020_800097.jpg
55,2020_800100.jpg
56,2020_800049.jpg
57,2020_800174.jpg
58,2020_800129.jpg
59,2020_800131.jpg
60,2020_800321.jpg
61,2020_800271.jpg
62,2020_800438.jpg
63,2020_800496.jpg
64,2020_800249.jpg
65,2020_800226.jpg
66,2020_800510.jpg
67,2020_800264.jpg
68,2020_800400.jpg
69,2020_800281.jpg
70,2020_800429.jpg
71,2020_800325.jpg
72,2020_800346.jpg
73,2020_800243.jpg
74,2020_800466.jpg
75,2020_800457.jpg
76,2020_800409.jpg
77,2020_800361.jpg
78,2020_800464.jpg
79,2020_800216.jpg
80,2020_800200.jpg
81,2020_800269.jpg
82,2020_800472.jpg
83,2020_800306.jpg
84,2020_800439.jpg
85,2020_800266.jpg
86,2020_800240.jpg
87,2020_800454.jpg
88,2020_800345.jpg
89,2020_800341.jpg
90,2020_800359.jpg
91,2020_800282.jpg
92,2020_800339.jpg
93,2020_800452.jpg
94,2020_800445.jpg
95,2020_800377.jpg
96,2020_800316.jpg
97,2020_800495.jpg
98,2020_800368.jpg
99,2020_800417.jpg
100,2020_800278.jpg
101,2020_800419.jpg
102,2020_800489.jpg
103,2020_800225.jpg
104,2020_800450.jpg
105,2020_800234.jpg
106,2020_800335.jpg
107,2020_800353.jpg
108,2020_800242.jpg
109,2020_800280.jpg
110,2020_800340.jpg
111,2020_800228.jpg
112,2020_800431.jpg
113,2020_800343.jpg
114,2020_800467.jpg
115,2020_800355.jpg
116,2020_800315.jpg
117,2020_800279.jpg
118,2020_800238.jpg
119,2020_800221.jpg
120,2020_800329.jpg
121,2019_000694.jpg
122,2019_000629.jpg
123,2019_000627.jpg
124,2019_000575.jpg
125,2019_000651.jpg
126,2019_000717.jpg
127,2019_000214.jpg
128,2019_000756.jpg
129,2019_000485.jpg
130,2019_000550.jpg
131,2019_000165.jpg
132,2019_000459.jpg
133,2019_000327.jpg
134,2019_000563.jpg
135,2019_000081.jpg
136,2019_000382.jpg
137,2019_000143.jpg
138,2019_000042.jpg
139,2019_000723.jpg
140,2019_000120.jpg
141,2019_000396.jpg
142,2019_000646.jpg
143,2019_000158.jpg
144,2019_000289.jpg
145,2019_000837.jpg
146,2019_000672.jpg
147,2019_000070.jpg
148,2019_000873.jpg
149,2019_000175.jpg
150,2019_000318.jpg
151,2019_000218.jpg
152,2019_000239.jpg
153,2019_000137.jpg
154,2019_000353.jpg
155,2019_000344.jpg
156,2019_000298.jpg
157,2019_000681.jpg
158,2019_000547.jpg
159,2019_000838.jpg
160,2019_000251.jpg
161,2019_000351.jpg
162,2019_000560.jpg
163,2019_000561.jpg
164,2019_000727.jpg
165,2019_000738.jpg
166,2019_000110.jpg
167,2019_000480.jpg
168,2019_000791.jpg
169,2019_000818.jpg
170,2019_000762.jpg
171,2019_000093.jpg
172,2019_000501.jpg
173,2019_000163.jpg
174,2019_000643.jpg
175,2019_000359.jpg
176,2019_000499.jpg
177,2019_000411.jpg
178,2019_000867.jpg
179,2019_000015.jpg
180,2019_000625.jpg
181,2019_000850.jpg
182,2019_000004.jpg
183,2019_000552.jpg
184,2019_000199.jpg
185,2019_000586.jpg
186,2019_000328.jpg
187,2019_000481.jpg
188,2019_000615.jpg
189,2019_000160.jpg
190,2019_000134.jpg
191,2019_000814.jpg
192,2019_000788.jpg
193,2019_000777.jpg
194,2019_000754.jpg
195,2019_000710.jpg
196,2019_000341.jpg
197,2019_000487.jpg
198,2019_000569.jpg
199,2019_000058.jpg
200,2019_000238.jpg
201,2019_000234.jpg
202,2019_000582.jpg
203,2019_000249.jpg
204,2019_000054.jpg
205,2019_000176.jpg
206,2019_000232.jpg
207,2019_000571.jpg
208,2019_000543.jpg
209,2019_000802.jpg
210,2019_000801.jpg
211,2019_000605.jpg
212,2019_000737.jpg
213,2019_000463.jpg
214,2019_000620.jpg
215,2019_000073.jpg
216,2019_000339.jpg
217,2019_000333.jpg
218,2019_000557.jpg
219,2019_000441.jpg
220,2019_000707.jpg
221,2019_000266.jpg
222,2019_000041.jpg
223,2019_000209.jpg
224,2019_000752.jpg
225,2019_000381.jpg
226,2019_000829.jpg
227,2019_000479.jpg
228,2019_000258.jpg
229,2019_000306.jpg
230,2019_000172.jpg
231,2019_000308.jpg
232,2019_000634.jpg
233,2019_000375.jpg
234,2019_000613.jpg
235,2019_000119.jpg
236,2019_000631.jpg
237,2019_000573.jpg
238,2019_000488.jpg
239,2019_000833.jpg
240,2019_000711.jpg
241,2019_000431.jpg
242,2019_000749.jpg
243,2019_000337.jpg
244,2019_000562.jpg
245,2019_000066.jpg
246,2019_000686.jpg
247,2019_000021.jpg
248,2019_000527.jpg
249,2019_000023.jpg
250,2019_000085.jpg
251,2019_000061.jpg
252,2019_000482.jpg
253,2019_000009.jpg
254,2019_000832.jpg
255,2019_000012.jpg
256,2019_000589.jpg
257,2019_000776.jpg
258,2019_000645.jpg
259,2019_000633.jpg
260,2019_000060.jpg
261,2019_000691.jpg
262,2019_000128.jpg
263,2019_000228.jpg
264,2019_000243.jpg
265,2019_000675.jpg
266,2019_000136.jpg
267,2019_000079.jpg
268,2019_000174.jpg
269,2019_000233.jpg
270,2019_000877.jpg
271,2019_000122.jpg
272,2019_000002.jpg
273,2019_000743.jpg
274,2019_000857.jpg
275,2019_000677.jpg
276,2019_000693.jpg
277,2019_000630.jpg
278,2019_000320.jpg
279,2019_000509.jpg
280,2019_000822.jpg
281,2019_000744.jpg
282,2019_000236.jpg
283,2019_000870.jpg
284,2019_000354.jpg
285,2019_000859.jpg
286,2019_000712.jpg
287,2019_000517.jpg
288,2019_000434.jpg
289,2019_000409.jpg
290,2019_000827.jpg
291,2019_000245.jpg
292,2019_000003.jpg
293,2019_000057.jpg
294,2019_000208.jpg
295,2019_000173.jpg
296,2019_000555.jpg
297,2019_000656.jpg
298,2018_000253.jpg
299,2018_010011.jpg
300,2018_000153.jpg
301,2018_000127.jpg
302,2018_000016.jpg
303,2018_000435.jpg
304,2018_010124.jpg
305,2018_000352.jpg
306,2018_000413.jpg
307,2018_000313.jpg
308,2018_000390.jpg
309,2018_000080.jpg
310,2018_000428.jpg
311,2018_000073.jpg
312,2018_010086.jpg
313,2018_000024.jpg
314,2018_000341.jpg
315,2018_000241.jpg
316,2018_000445.jpg
317,2018_010115.jpg
318,2018_000034.jpg
319,2018_010015.jpg
320,2018_010036.jpg
321,2018_000407.jpg
322,2018_000139.jpg
323,2018_010141.jpg
324,2018_010095.jpg
325,2018_000154.jpg
326,2018_000027.jpg
327,2018_000177.jpg
328,2018_000059.jpg
329,2018_000125.jpg
330,2018_000086.jpg
331,2018_010048.jpg
332,2018_000104.jpg
333,2018_000246.jpg
334,2018_000380.jpg
335,2018_000165.jpg
336,2018_000137.jpg
337,2018_000063.jpg
338,2018_000364.jpg
339,2018_000433.jpg
340,2018_000123.jpg
341,2018_000178.jpg
342,2018_000286.jpg
343,2018_000275.jpg
344,2018_000144.jpg
345,2018_000053.jpg
346,2018_000469.jpg
347,2018_000006.jpg
348,2018_010125.jpg
349,2018_000197.jpg
350,2018_000205.jpg
351,2018_000430.jpg
352,2018_000404.jpg
353,2018_000179.jpg
354,2018_000143.jpg
355,2018_000219.jpg
356,2018_000252.jpg
357,2018_000130.jpg
358,2018_010138.jpg
359,2018_000329.jpg
360,2018_000262.jpg
361,2018_010035.jpg
362,2018_010031.jpg
363,2018_000101.jpg
364,2018_000215.jpg
365,2018_010046.jpg
366,2018_000133.jpg
367,2018_000113.jpg
368,2018_000170.jpg
369,2018_000221.jpg
370,2018_000054.jpg
371,2018_000325.jpg
372,2018_000446.jpg
373,2018_010029.jpg
374,2018_000258.jpg
375,2018_000148.jpg
376,2018_000232.jpg
377,2018_000185.jpg
378,2018_000222.jpg
379,2018_000186.jpg
380,2018_000091.jpg
381,2018_000344.jpg
382,2018_000017.jpg
383,2018_010136.jpg
384,2018_010130.jpg
385,2018_000030.jpg
386,2018_000042.jpg
387,2018_010063.jpg
388,2018_000312.jpg
389,2018_000250.jpg
390,2018_010006.jpg
391,2018_000260.jpg
392,2018_000171.jpg
393,2018_000251.jpg
394,2018_000183.jpg
395,2018_000072.jpg
396,2018_000120.jpg
397,2018_000261.jpg
398,2018_010055.jpg
399,2018_010103.jpg
400,2018_000442.jpg
401,2018_010105.jpg
402,2018_000263.jpg
403,2018_000055.jpg
404,2018_000389.jpg
405,2018_000032.jpg
406,2018_000213.jpg
407,2018_010134.jpg
408,2018_000337.jpg
409,2018_000292.jpg
410,2018_000294.jpg
411,2018_000356.jpg
412,2018_000332.jpg
413,2018_000280.jpg
414,2018_000056.jpg
415,2018_000264.jpg
416,2018_000283.jpg
417,2018_000331.jpg
418,2018_000107.jpg
419,2018_000398.jpg
420,2018_000087.jpg
421,2020_000150.jpg
422,2020_400083.jpg
423,2020_000012.jpg
424,2020_000204.jpg
425,2020_000017.jpg
426,2020_000009.jpg
427,2020_000369.jpg
428,2020_400120.jpg
429,2020_000361.jpg
430,2020_400025.jpg
431,2020_400002.jpg
432,2020_000055.jpg
433,2020_000172.jpg
434,2020_000454.jpg
435,2020_000304.jpg
436,2020_000013.jpg
437,2020_000456.jpg
438,2020_400105.jpg
439,2020_000101.jpg
440,2020_000335.jpg
441,2020_000294.jpg
442,2020_000104.jpg
443,2020_000440.jpg
444,2020_400087.jpg
445,2020_000068.jpg
446,2020_000194.jpg
447,2020_000463.jpg
448,2020_000023.jpg
449,2020_000024.jpg
450,2020_000326.jpg
451,2020_000186.jpg
452,2020_000143.jpg
453,2020_000345.jpg
454,2020_400001.jpg
455,2020_000378.jpg
456,2020_000388.jpg
457,2020_000307.jpg
458,2020_000352.jpg
459,2020_000315.jpg
460,2020_000086.jpg
461,2020_000373.jpg
462,2020_400047.jpg
463,2020_400009.jpg
464,2020_400008.jpg
465,2020_000005.jpg
466,2020_000430.jpg
467,2020_000396.jpg
468,2020_400109.jpg
469,2020_000387.jpg
470,2020_000249.jpg
471,2020_000252.jpg
472,2020_000025.jpg
473,2020_400075.jpg
474,2020_400012.jpg
475,2020_000007.jpg
476,2020_000367.jpg
477,2020_000117.jpg
478,2020_000155.jpg
479,2020_400015.jpg
480,2020_000231.jpg
481,2020_400079.jpg
482,2020_000338.jpg
483,2020_000293.jpg
484,2020_000057.jpg
485,2020_400069.jpg
486,2020_400058.jpg
487,2020_000323.jpg
488,2020_000311.jpg
489,2020_400005.jpg
490,2020_400023.jpg
491,2020_000445.jpg
492,2020_000426.jpg
493,2020_400117.jpg
494,2020_400028.jpg
495,2020_000065.jpg
496,2020_000170.jpg
497,2020_000053.jpg
498,2020_000016.jpg
499,2020_000181.jpg
500,2020_400089.jpg
501,2020_000425.jpg
502,2020_000072.jpg
503,2020_000447.jpg
504,2020_400010.jpg
505,2020_400093.jpg
506,2020_000107.jpg
507,2020_000428.jpg
508,2020_400024.jpg
509,2020_000257.jpg
510,2020_000402.jpg
511,2020_000106.jpg
512,2020_400082.jpg
513,2020_000081.jpg
514,2020_000092.jpg
515,2020_000268.jpg
516,2020_000040.jpg
517,2020_000188.jpg
518,2020_000115.jpg
519,2020_000190.jpg
520,2020_000357.jpg
521,2020_400096.jpg
522,2020_000046.jpg
523,2020_000371.jpg
524,2020_000006.jpg
525,2020_000116.jpg
526,2020_400116.jpg
527,2020_000427.jpg
528,2020_000077.jpg
529,2020_000262.jpg
530,2020_400068.jpg
531,2020_000285.jpg
532,2020_000355.jpg
533,2020_400050.jpg
534,2020_000223.jpg
535,2020_000397.jpg
536,2020_000152.jpg
537,2020_000062.jpg
538,2020_400305.jpg
539,2020_400306.jpg
540,2020_400272.jpg
541,2020_400355.jpg
542,2020_400309.jpg
543,2020_400235.jpg
544,2020_400215.jpg
545,2020_400276.jpg
546,2020_400342.jpg
547,2020_400285.jpg
548,2020_400263.jpg
549,2020_400233.jpg
550,2020_400327.jpg
551,2020_400206.jpg
552,2020_400341.jpg
553,2020_400307.jpg
554,2020_400213.jpg
555,2020_400266.jpg
556,2020_400318.jpg
557,2020_400349.jpg
558,2020_400231.jpg
559,2020_400223.jpg
560,2020_400271.jpg
561,2020_400278.jpg
562,2020_400212.jpg
563,2020_400254.jpg
564,2020_400286.jpg
565,2020_400268.jpg
566,2020_400238.jpg
567,2020_400259.jpg
568,2020_400258.jpg
569,0.1782110631465912
570,0.18435101211071014
571,0.18021725118160248
572,0.1776185929775238
573,0.19211027026176453
574,0.1840694397687912
575,0.1856604814529419
576,0.18692071735858917
577,0.18807333707809448
578,0.18761001527309418
579,0.18663182854652405
580,0.1863355040550232
581,0.1824009269475937
582,0.17931175231933594
583,0.17950439453125
584,0.17857590317726135
585,0.17896218597888947
586,0.1748684197664261
587,0.17395614087581635
588,0.17519840598106384
589,0.17632029950618744
590,0.17866602540016174
591,0.1785115897655487
592,0.18051408231258392
593,0.1782912313938141
594,0.18159858882427216
595,0.18342113494873047
596,0.18292346596717834
597,0.18394117057323456
598,0.18506574630737305
599,0.18621274828910828
600,0.18762394785881042
601,0.18834596872329712
602,0.19052256643772125
603,0.18968293070793152
604,0.19224411249160767
605,0.1930629462003708
606,0.19349411129951477
607,0.19452862441539764
608,0.19525428116321564
609,0.19432887434959412
610,0.19513359665870667
611,0.19546844065189362
612,0.19592268764972687
613,0.19688746333122253
614,0.19470100104808807
615,0.19562873244285583
616,0.19521209597587585
617,0.19545283913612366
618,0.195489764213562
619,0.195799320936203
620,0.19600678980350494
621,0.1961723417043686
622,0.1964835226535797
623,0.1967190057039261
624,0.19722780585289001
625,0.19697144627571106
626,0.19748839735984802
627,0.1975782811641693
628,0.19794294238090515
629,0.19840984046459198
630,0.19892051815986633
631,0.19843003153800964
632,0.19812162220478058
633,0.19868206977844238
634,0.19915606081485748
635,0.1988520324230194
636,0.19930867850780487
637,0.1991216540336609
638,0.19932715594768524
639,0.19933262467384338
640,0.1998099535703659
641,0.19952185451984406
642,0.19960737228393555
643,0.19978871941566467
644,0.19969861209392548
645,0.19967953860759735
646,0.19977393746376038
647,0.19976404309272766
648,0.19991596043109894
649,0.2001897096633911
650,0.1998433768749237
651,0.199687659740448
652,0.19990283250808716
653,0.19968201220035553
654,0.20002369582653046
655,0.20030677318572998
656,0.20048287510871887
657,0.20031599700450897
658,0.20018482208251953
659,0.20021936297416687
660,0.20054015517234802
661,0.20059648156166077
662,0.20087723433971405
663,0.2010870724916458
664,0.20128321647644043
665,0.2014886885881424
666,0.20093593001365662
667,0.20126262307167053
668,0.20134547352790833
669,0.20158927142620087
670,0.20152458548545837
671,0.20154431462287903
672,0.20179101824760437
673,0.2013881653547287
674,0.201561838388443
675,0.20170727372169495
676,0.20174486935138702
677,0.20177209377288818
678,0.20183154940605164
679,0.20193330943584442
680,0.2019577920436859
681,0.20199203491210938
682,0.202088862657547
683,0.20149914920330048
684,0.20126943290233612
685,0.20128151774406433
686,0.20151248574256897
687,0.2015760838985443
688,0.20162805914878845
689,0.20177516341209412
690,0.2027217149734497
691,0.2035168707370758
692,0.20349201560020447
693,0.20363035798072815
694,0.20385734736919403
695,0.20506732165813446
696,0.20630359649658203
697,0.20662148296833038
698,0.20685458183288574
699,0.20718364417552948
700,0.20830793678760529
701,0.20917943120002747
702,0.20925109088420868
703,0.209408238530159
704,0.21028628945350647
705,0.2103058099746704
706,0.21141770482063293
707,0.21237537264823914
708,0.21188025176525116
709,0.21289558708667755
710,0.21317529678344727
711,0.21303698420524597
712,0.21391315758228302
713,0.21395060420036316
714,0.21439912915229797
715,0.2142617404460907
716,0.21474960446357727
717,0.21521608531475067
718,0.21576905250549316
719,0.2163163423538208
720,0.2170221507549286
721,0.2177744358778
722,0.21823818981647491
723,0.21772313117980957
724,0.21735696494579315
725,0.2177583873271942
726,0.2178095579147339
727,0.21762318909168243
728,0.2179774045944214
729,0.2185053825378418
730,0.21872112154960632
731,0.2179505079984665
732,0.2180577516555786
733,0.218143031001091
734,0.21880395710468292
735,0.2191137969493866
736,0.21900896728038788
737,0.21920807659626007
738,0.21908526122570038
739,0.21937954425811768
740,0.21979768574237823
741,0.21964211761951447
742,0.2201523780822754
743,0.2202003449201584
744,0.22027587890625
745,0.22060184180736542
746,0.22077731788158417
747,0.22019973397254944
748,0.22007028758525848
749,0.22020785510540009
750,0.22041241824626923
751,0.220901221036911
752,0.22067978978157043
753,0.22103503346443176
754,0.220795676112175
755,0.2209181785583496
756,0.22086891531944275
757,0.22103407979011536
758,0.22140324115753174
759,0.2210993468761444
760,0.22107581794261932
761,0.22127433121204376
762,0.221460223197937
763,0.22118690609931946
764,0.22133104503154755
765,0.22164063155651093
766,0.22159430384635925
767,0.22174032032489777
768,0.22204962372779846
769,0.2223888337612152
770,0.22275777161121368
771,0.22268882393836975
772,0.22295813262462616
773,0.22294774651527405
774,0.22303268313407898
775,0.22330205142498016
776,0.22317032516002655
777,0.2231222689151764
778,0.2230139970779419
779,0.22247114777565002
780,0.2224307507276535
781,0.22206509113311768
782,0.2222607582807541
783,0.22233709692955017
784,0.22260244190692902
785,0.22269317507743835
786,0.22293928265571594
787,0.2228693962097168
788,0.22252556681632996
789,0.22247426211833954
790,0.22249369323253632
791,0.22237224876880646
792,0.22257283329963684
793,0.2228127270936966
794,0.22288398444652557
795,0.22300927340984344
796,0.22309625148773193
797,0.2233787477016449
798,0.22329553961753845
799,0.2235226184129715
800,0.2237270176410675
801,0.22372524440288544
802,0.22368939220905304
803,0.22345995903015137
804,0.22372286021709442
805,0.22348637878894806
806,0.22325901687145233
807,0.2232959270477295
808,0.22344636917114258
809,0.22352413833141327
810,0.2233622521162033
811,0.22297827899456024
812,0.22309990227222443
813,0.2231566458940506
814,0.2233990728855133
815,0.22357404232025146
816,0.22340989112854004
817,0.2233550101518631
818,0.22354860603809357
819,0.22370584309101105
820,0.22384169697761536
821,0.2238771915435791
822,0.2240457534790039
823,0.22394251823425293
824,0.22400979697704315
825,0.22404785454273224
826,0.22418352961540222
827,0.2241562306880951
828,0.22424781322479248
829,0.22449183464050293
830,0.22458060085773468
831,0.22467270493507385
832,0.22486475110054016
833,0.2250109612941742
834,0.22495993971824646
835,0.22483530640602112
836,0.22492527961730957
837,0.22501006722450256
838,0.22505588829517365
839,0.22514984011650085
840,0.22535018622875214
841,0.22555525600910187
842,0.22557607293128967
843,0.22532793879508972
844,0.22523538768291473
845,0.22526469826698303
846,0.22535422444343567
847,0.22540922462940216
848,0.22538940608501434
849,0.22546251118183136
850,0.22551509737968445
851,0.22571054100990295
852,0.22569985687732697
853,0.22535304725170135
854,0.2254096269607544
855,0.22538165748119354
856,0.2253722846508026
857,0.22530825436115265
858,0.22529813647270203
859,0.22519969940185547
860,0.2251501977443695
861,0.22529232501983643
862,0.2254590541124344
863,0.225472092628479
864,0.22563882172107697
865,0.22573557496070862
866,0.22577667236328125
867,0.22577634453773499
868,0.2258288562297821
869,0.22593192756175995
870,0.2259788066148758
871,0.22612901031970978
872,0.2262437343597412
873,0.22629952430725098
874,0.2259434014558792
875,0.22569021582603455
876,0.22576653957366943
877,0.22581079602241516
878,0.22578592598438263
879,0.22567439079284668
880,0.2257518321275711
881,0.2254343032836914
882,0.22547182440757751
883,0.22534795105457306
884,0.2252187281847
885,0.2252841740846634
886,0.22538316249847412
887,0.22545690834522247
888,0.22531402111053467
889,0.22538654506206512
890,0.22532065212726593
891,0.22542209923267365
892,0.22530734539031982
893,0.22519604861736298
894,0.22530893981456757
895,0.22537720203399658
896,0.22534874081611633
897,0.2253759652376175
898,0.22549223899841309
899,0.22544309496879578
900,0.22554075717926025
901,0.22565075755119324
902,0.22559912502765656
903,0.2257053405046463
904,0.22574961185455322
905,0.22569234669208527
906,0.22578665614128113
907,0.2255290448665619
908,0.22543947398662567
909,0.2255283147096634
910,0.22545695304870605
911,0.2255268096923828
912,0.2252979278564453
913,0.22535982728004456
914,0.22547535598278046
915,0.2252691090106964
916,0.22536399960517883
917,0.22483637928962708
918,0.22475752234458923
919,0.22470402717590332
920,0.2246633768081665
921,0.22461768984794617
922,0.22466185688972473
923,0.22452029585838318
924,0.22464266419410706
925,0.22454984486103058
926,0.22466734051704407
927,0.2246968299150467
928,0.22472789883613586
929,0.2246822565793991
930,0.2246161252260208
931,0.22463218867778778
932,0.22471144795417786
933,0.22472624480724335
934,0.2247757911682129
935,0.22475898265838623
936,0.22486262023448944
937,0.224945068359375
938,0.22488823533058167
939,0.22499172389507294
940,0.22501453757286072
941,0.22505691647529602
942,0.2251545935869217
943,0.2252386063337326
944,0.22525489330291748
945,0.2251732349395752
946,0.2250085175037384
947,0.22508594393730164
948,0.22515185177326202
949,0.22511939704418182
950,0.22526736557483673
951,0.2252740114927292
952,0.22530381381511688
953,0.22539234161376953
954,0.22546033561229706
955,0.2255133092403412
956,0.225518137216568
957,0.2255290448665619
958,0.2255091369152069
959,0.2254781275987625
960,0.2254352867603302
961,0.2254749834537506
962,0.22526630759239197
963,0.22539249062538147
964,0.2254626303911209
965,0.2253812849521637
966,0.2253122329711914
967,0.22535809874534607
968,0.2251724749803543
969,0.22523441910743713
970,0.225274920463562
971,0.22531166672706604
972,0.2254057377576828
973,0.22545120120048523
974,0.2255098521709442
975,0.2252441644668579
976,0.22531262040138245
977,0.22537395358085632
978,0.2254805564880371
979,0.22538430988788605
980,0.22545330226421356
981,0.22547852993011475
982,0.22543831169605255
983,0.2255236655473709
984,0.2256145477294922
985,0.22555260360240936
986,0.22549915313720703
987,0.2255782186985016
988,0.22537043690681458
989,0.225150465965271
990,0.2251928597688675
991,0.22514954209327698
992,0.22516731917858124
993,0.22519540786743164
994,0.22512611746788025
995,0.2251863181591034
996,0.22515276074409485
997,0.22509601712226868
998,0.22507086396217346
999,0.225067138671875
1000,0.22499141097068787
1001,0.22497448325157166
1002,0.22503705322742462
1003,0.22502556443214417
1004,0.22503149509429932
1005,0.22505369782447815
1006,0.22508206963539124
1007,0.2250327169895172
1008,0.22499337792396545
1009,0.2250080555677414
1010,0.22504982352256775
1011,0.22510281205177307
1012,0.22512058913707733
1013,0.22519192099571228
1014,0.22524133324623108
1015,0.22527822852134705
1016,0.2253173291683197
1017,0.22533361613750458
1018,0.22537866234779358
1019,0.2253890335559845
1020,0.22537216544151306
1021,0.2254156619310379
1022,0.22542400658130646
1023,0.22532221674919128
1024,0.22537627816200256
1025,0.22539839148521423
1026,0.2252562940120697
1027,0.22519786655902863
1028,0.22467422485351562
1029,0.22466158866882324
1030,0.22466179728507996
1031,0.22466325759887695
1032,0.22464390099048615
1033,0.22459089756011963
1034,0.22462134063243866
1035,0.22464525699615479
1036,0.22468778491020203
1037,0.22468909621238708
1038,0.22472910583019257
1039,0.22475187480449677
1040,0.22467473149299622
1041,0.22469958662986755
1042,0.22473493218421936
1043,0.2245878279209137
1044,0.22450871765613556
1045,0.2245524823665619
1046,0.2244425117969513
1047,0.22424602508544922
1048,0.2240953892469406
1049,0.22408565878868103
1050,0.22408990561962128
1051,0.22408020496368408
1052,0.2240418940782547
1053,0.2240622490644455
1054,0.2241041362285614
1055,0.22401562333106995
1056,0.22400014102458954
1057,0.2240019291639328
1058,0.2239731103181839
1059,0.22402045130729675
1060,0.22403490543365479
1061,0.22407761216163635
1062,0.22403445839881897
1063,0.22406737506389618
1064,0.22411641478538513
1065,0.22412967681884766
1066,0.22415797412395477
1067,0.22416968643665314
1068,0.22389328479766846
1069,0.22393231093883514
1070,0.22398312389850616
1071,0.223779559135437
1072,0.2234880030155182
1073,0.22337672114372253
1074,0.22339686751365662
1075,0.22318048775196075
1076,0.2230537235736847
1077,0.22305350005626678
1078,0.22306127846240997
1079,0.22308754920959473
1080,0.2231154888868332
1081,0.22308829426765442
1082,0.22312712669372559
1083,0.22310009598731995
1084,0.22310522198677063
1085,0.22310872375965118
1086,0.22276195883750916
1087,0.22275491058826447
1088,0.22280320525169373
1089,0.22283343970775604
1090,0.22281774878501892
1091,0.22285881638526917
1092,0.22287055850028992
1093,0.22289025783538818
1094,0.22279468178749084
1095,0.2226928025484085
1096,0.22273261845111847
1097,0.22272324562072754
1098,0.2227388173341751
1099,0.2227851152420044
1100,0.2228192836046219
1101,0.22281226515769958
1102,0.22283852100372314
1103,0.22283153235912323
1104,0.22285175323486328
1105,0.22288039326667786
1106,0.22289900481700897
1107,0.22293834388256073
1108,0.22279560565948486
1109,0.2227793186903
1110,0.22266778349876404
1111,0.22267106175422668
1112,0.2226114273071289
1113,0.22261472046375275
1114,0.22264902293682098
1115,0.22253522276878357
1116,0.2222587764263153
1117,0.22222939133644104
1118,0.22200720012187958
1119,0.22196149826049805
1120,0.22196674346923828
1121,0.22197866439819336
1122,0.22190825641155243
1123,0.22189421951770782
1124,0.22192266583442688
1125,0.2220047265291214
1126,0.22193817794322968
1127,0.2218007594347
1128,0.22183091938495636
1129,0.22184321284294128
1130,0.22189590334892273
1131,0.22189000248908997
1132,0.2218335121870041
1133,0.2217051237821579
1134,0.22162337601184845
1135,0.22161468863487244
1136,0.221598818898201
1137,0.22144261002540588
1138,0.9192734693877551
1139,0.9264326530612245
1140,0.9096496598639455
1141,0.8863352040816327
1142,0.8532922448979592
1143,0.8328336734693877
1144,0.8192189504373177
1145,0.820898724489796
1146,0.8218825396825397
1147,0.8233428571428572
1148,0.8247998144712431
1149,0.8292367346938776
1150,0.8192623233908948
1151,0.8098333819241983
1152,0.7989002721088435
1153,0.7996656887755103
1154,0.8019457382953181
1155,0.7831922902494332
1156,0.7805339419978518
1157,0.7875047959183673
1158,0.7918413994169097
1159,0.7936563079777366
1160,0.7894842058562556
1161,0.7922949829931972
1162,0.7826028571428572
1163,0.7823977237048666
1164,0.7857133030990174
1165,0.7847911807580175
1166,0.7804593947923997
1167,0.7853640136054422
1168,0.7903448979591837
1169,0.7911764030612245
1170,0.7923930117501546
1171,0.7924481392557022
1172,0.7886920116618076
1173,0.7926041950113378
1174,0.7930479316050745
1175,0.7935814715359828
1176,0.7966197802197802
1177,0.7996569387755103
1178,0.7958909905425585
1179,0.7963186588921283
1180,0.7968915994304698
1181,0.7980009276437848
1182,0.8002215419501134
1183,0.7931155279503106
1184,0.7953110290924881
1185,0.7941034863945579
1186,0.795784589754269
1187,0.7965950612244898
1188,0.7964036014405762
1189,0.7974167189952904
1190,0.7986289564882557
1191,0.8000600907029478
1192,0.8008339517625231
1193,0.802215415451895
1194,0.7995422126745435
1195,0.8015761083743842
1196,0.8029976478727084
1197,0.8044424829931973
1198,0.8071073603211777
1199,0.8095661948650428
1200,0.8096474894719793
1201,0.8090850765306122
1202,0.8116927472527472
1203,0.8140507730364873
1204,0.8144881206213829
1205,0.8167232292917167
1206,0.817294942324756
1207,0.8189224781341108
1208,0.8183549870652487
1209,0.8206220238095238
1210,0.8203497344143137
1211,0.821934473248759
1212,0.8232211700680272
1213,0.8237197099892588
1214,0.8245429101510734
1215,0.8255930141287284
1216,0.826246370446913
1217,0.8278256887755102
1218,0.8295564373897707
1219,0.8299799900447984
1220,0.8293251044996311
1221,0.8305154518950437
1222,0.829320456182473
1223,0.8310202420503084
1224,0.8324096176401595
1225,0.8335705705009276
1226,0.8330645264847512
1227,0.8334154421768708
1228,0.8340516034985422
1229,0.8356376663708962
1230,0.8364079438226903
1231,0.8377973512809379
1232,0.8390348227712138
1233,0.8401067176870748
1234,0.8412594361455923
1235,0.839501853394419
1236,0.839843475572047
1237,0.8404717755102041
1238,0.841836189129117
1239,0.8409772108843537
1240,0.8412932435109967
1241,0.8426261381475667
1242,0.8415975121477163
1243,0.8426539276087793
1244,0.8435648483692543
1245,0.8442578987150415
1246,0.8450980153529302
1247,0.8459166604823748
1248,0.8467518477661334
1249,0.8474322886297376
1250,0.8480832039010294
1251,0.8489073039742213
1252,0.847581685891748
1253,0.8473611717100633
1254,0.8479688993546136
1255,0.8491184538222069
1256,0.8498592522723375
1257,0.8506828231292517
1258,0.8515168156518805
1259,0.8520807795249247
1260,0.8522158785465406
1261,0.8508797399605004
1262,0.8512468408163265
1263,0.8498539196631033
1264,0.8507930098023462
1265,0.8517335459183674
1266,0.8516406106628698
1267,0.8510499372056515
1268,0.8504313132886743
1269,0.8512221397649969
1270,0.8517257940770293
1271,0.8516125038074931
1272,0.8510263189720333
1273,0.8513254051620648
1274,0.8516655444659615
1275,0.8525392191659272
1276,0.8533151666421964
1277,0.851718833819242
1278,0.8525750904617166
1279,0.8523986634090256
1280,0.8511513343799058
1281,0.8518533871882086
1282,0.8513299225897255
1283,0.8514153760134191
1284,0.8509464667499653
1285,0.8507353281853282
1286,0.8511368442679085
1287,0.8514811020408163
1288,0.8519098121367752
1289,0.8524953947368421
1290,0.853321301854075
1291,0.8535235091439173
1292,0.8520473732718894
1293,0.8513286106750393
1294,0.8515357727804498
1295,0.8519961508654095
1296,0.8515357078680529
1297,0.8516709693877551
1298,0.852097464824439
1299,0.851890413202318
1300,0.8499186803555778
1301,0.8497662020905923
1302,0.8493928138528138
1303,0.8501765060240963
1304,0.8499524502016376
1305,0.8497905490767735
1306,0.8498964617799782
1307,0.8492496518607443
1308,0.8494722759279151
1309,0.8497044731846227
1310,0.8493629232039637
1311,0.8501247243725076
1312,0.8503187521865889
1313,0.8508046846011131
1314,0.8511918021445867
1315,0.8512835473515249
1316,0.8497924409987458
1317,0.8495180725623582
1318,0.8498891757808096
1319,0.8499848845032518
1320,0.8506222816995651
1321,0.8502644299023957
1322,0.8505809817981247
1323,0.8501354509545754
1324,0.8503213903743315
1325,0.8502168258792879
1326,0.8503584170176007
1327,0.850646648764769
1328,0.8491825729244578
1329,0.8490582482993198
1330,0.849079940784604
1331,0.8493018619819062
1332,0.8484926007326007
1333,0.8485732611411911
1334,0.849079063503574
1335,0.8488441867656153
1336,0.8489261409086247
1337,0.8493262755102041
1338,0.8499478728804954
1339,0.8504768539098808
1340,0.8501143862471097
1341,0.8503429171668667
1342,0.8501310204081632
1343,0.8499623043392114
1344,0.8501745243024746
1345,0.8498110576923077
1346,0.849542222439215
1347,0.8490786783284743
1348,0.8476800947867299
1349,0.8475498074701578
1350,0.8466402797738813
1351,0.8468594220865916
1352,0.84676940673944
1353,0.8470186602418746
1354,0.8472136273864385
1355,0.8475296386444486
1356,0.8473512254216755
1357,0.8468519573283859
1358,0.8467624988456921
1359,0.8468564993564993
1360,0.846418065342729
1361,0.8466135204081633
1362,0.8471437188208617
1363,0.8472316868340256
1364,0.8473160568192034
1365,0.8474745703544576
1366,0.8479289902860707
1367,0.8477149068322981
1368,0.84814651470978
1369,0.8485020496129486
1370,0.8483645966541122
1371,0.8480677917320775
1372,0.8472319843682153
1373,0.8477878069872017
1374,0.8472273486609834
1375,0.8468665923512262
1376,0.8471108957390487
1377,0.847433350340136
1378,0.8474380218477432
1379,0.847060558272896
1380,0.8465747123540774
1381,0.8466968802275008
1382,0.8467454394002499
1383,0.8472391156462585
1384,0.8476635544906221
1385,0.8469420753785385
1386,0.8468340136054422
1387,0.8473654775510204
1388,0.8476272786405399
1389,0.8476109653385163
1390,0.8477283778333468
1391,0.8479713803631689
1392,0.8476046818727491
1393,0.8478027024872449
1394,0.8476456761693004
1395,0.8479685097294731
1396,0.8477303679773067
1397,0.8479893720565149
1398,0.8484371803893971
1399,0.8486775042841564
1400,0.8486867618530302
1401,0.8490634585652442
1402,0.8491964728532923
1403,0.8492478364278042
1404,0.8488313689520752
1405,0.8489651690526957
1406,0.849160890675973
1407,0.849137067271353
1408,0.8493580992544619
1409,0.8498265906362545
1410,0.8502927711744038
1411,0.8504032399821242
1412,0.8498196586270872
1413,0.8497819801833777
1414,0.8500170485522729
1415,0.8501094039054471
1416,0.8502484675590667
1417,0.8503126166180758
1418,0.8504309390660179
1419,0.8506668475900999
1420,0.8510692291050695
1421,0.8508225352112676
1422,0.8501898460436806
1423,0.8502812615955473
1424,0.8501551304842494
1425,0.8502471017573696
1426,0.8501764564649389
1427,0.8500196059113301
1428,0.849951083526194
1429,0.8497001956947162
1430,0.8499230061990667
1431,0.8503310703873386
1432,0.8502247872708405
1433,0.8506230694980695
1434,0.8508939943654229
1435,0.8510867757841392
1436,0.8511277182444884
1437,0.851326544217687
1438,0.8516339548443962
1439,0.8517947628057846
1440,0.8522838864925292
1441,0.8525688043140802
1442,0.8526264665264274
1443,0.8515413940772837
1444,0.8506997549032622
1445,0.8508808852038913
1446,0.8512144450692872
1447,0.8511884351108711
1448,0.8510116752575428
1449,0.8512238089242059
1450,0.8501195453020903
1451,0.8502172137764619
1452,0.8497424169581098
1453,0.8494391368316032
1454,0.8495904852338901
1455,0.8498907899316814
1456,0.8501007301064268
1457,0.8498201252392429
1458,0.8500685469618422
1459,0.8498148997095503
1460,0.8501179127438125
1461,0.8498291414733256
1462,0.8495235036025498
1463,0.8498875151084181
1464,0.8500848724212979
1465,0.8500747595652454
1466,0.8501513954990617
1467,0.8504656816442723
1468,0.8504185331031264
1469,0.8507027531260201
1470,0.8510406971189398
1471,0.8509512938562204
1472,0.8510747347544183
1473,0.8512120403646082
1474,0.8511360152576511
1475,0.8514355260062493
1476,0.8509172331108198
1477,0.8508099894080496
1478,0.8510573352014001
1479,0.8511245702446152
1480,0.851336623162446
1481,0.8509244922467674
1482,0.8511795748348978
1483,0.851510386764109
1484,0.8509404223988044
1485,0.8513505909368925
1486,0.8501437143540035
1487,0.8495696956587897
1488,0.849378201739306
1489,0.8494167893045019
1490,0.8493920292458271
1491,0.849542752543367
1492,0.8490406280892014
1493,0.8493247586709065
1494,0.8490874464318193
1495,0.8494131556841599
1496,0.8495199183196791
1497,0.8494018069158266
1498,0.8492259300402489
1499,0.8492188781723353
1500,0.8493145587886642
1501,0.8495462488295374
1502,0.8497058829572306
1503,0.8498261163336059
1504,0.8498128464429741
1505,0.8500054723156647
1506,0.8502909190309199
1507,0.8500419097227164
1508,0.8503458589189241
1509,0.8504456855904609
1510,0.8505307452554336
1511,0.8507305686944204
1512,0.8509337243838554
1513,0.8510103007838064
1514,0.8508129781485101
1515,0.8500538446684829
1516,0.8500339686113942
1517,0.8501194411583359
1518,0.8501090185395919
1519,0.8503331820187193
1520,0.8504634096267049
1521,0.8506423355085909
1522,0.8509302954445457
1523,0.8511350592902099
1524,0.8512807754123302
1525,0.8513989401922775
1526,0.851515473432485
1527,0.8513477657325574
1528,0.8513716640364238
1529,0.8512733192421958
1530,0.8514354328785965
1531,0.8508743764838133
1532,0.8509514527711823
1533,0.851180938121483
1534,0.8512090946929624
1535,0.8510887100288418
1536,0.8512189824526589
1537,0.8505800760196269
1538,0.8507936606403185
1539,0.8508486949541219
1540,0.8509895613412235
1541,0.8512782617451826
1542,0.8515380254152718
1543,0.8517771934445951
1544,0.8512148089093029
1545,0.8514023100675502
1546,0.851452675565195
1547,0.8517159204699645
1548,0.8515679835280353
1549,0.8517144795968873
1550,0.851765985342009
1551,0.8515960967261754
1552,0.8518782221687446
1553,0.8521318044027366
1554,0.8520750224060367
1555,0.852066266453784
1556,0.8523222640003878
1557,0.8518598136969608
1558,0.8514426859862497
1559,0.8516077588048495
1560,0.8515416862926551
1561,0.8517154584752865
1562,0.8518480170092342
1563,0.8518434312026596
1564,0.8520846223794386
1565,0.8520634422257564
1566,0.8518823719537617
1567,0.8519095294929996
1568,0.852063988971581
1569,0.8517708712062785
1570,0.851843497178391
1571,0.8520700170438247
1572,0.852082386373955
1573,0.8521626924019088
1574,0.8522656575591316
1575,0.8523559557306419
1576,0.8521812855368267
1577,0.8520889766644069
1578,0.8522083706960041
1579,0.8524220622851632
1580,0.8525938755315975
1581,0.852684227342645
1582,0.8528756708206511
1583,0.8530719234271668
1584,0.8532131521301395
1585,0.8534315315194441
1586,0.8535936364387354
1587,0.853800638164759
1588,0.853905675958372
1589,0.8539690343662119
1590,0.8541594529187041
1591,0.8542587980677752
1592,0.8539933599443
1593,0.8542106526567392
1594,0.8543143861689578
1595,0.8541293680088747
1596,0.8541718402314927
1597,0.8530564058775931
1598,0.8531372242172764
1599,0.8531640039871874
1600,0.8532183370441339
1601,0.8532371557871595
1602,0.8531744613002618
1603,0.8533000716557033
1604,0.8534364652299471
1605,0.853596135124375
1606,0.8535020088339856
1607,0.8536677680476644
1608,0.8537472997819419
1609,0.8535650648665222
1610,0.8537466438443664
1611,0.8538798811445645
1612,0.853500744492806
1613,0.8534747823219094
1614,0.853668197352803
1615,0.8532760666630743
1616,0.8530989122138358
1617,0.8527256625670038
1618,0.8527783468142476
1619,0.8528413039299417
1620,0.8528298595926188
1621,0.8528250054422575
1622,0.8529953601095867
1623,0.8530473813118883
1624,0.8529896416293403
1625,0.8529704948604852
1626,0.8530247263647992
1627,0.8529528634914478
1628,0.8531343033175736
1629,0.8532394706540553
1630,0.8534152457726799
1631,0.853287522187204
1632,0.8534401546014263
1633,0.853620238174193
1634,0.8537581976823647
1635,0.8539259250522521
1636,0.8540587296955396
1637,0.8534069553305385
1638,0.8535393011991996
1639,0.8537446769037205
1640,0.8532584983796005
1641,0.8526928862254557
1642,0.8524473132203364
1643,0.8525098631160275
1644,0.8521058324774793
1645,0.8519655188041854
1646,0.8520868546856034
1647,0.8521924640128363
1648,0.8523826746014671
1649,0.8525443091588879
1650,0.8524867843061485
1651,0.8526512029336271
1652,0.8527394252898911
1653,0.8527810915668607
1654,0.8529143872162492
1655,0.8519638750316493
1656,0.8519966317637283
1657,0.852218088607163
1658,0.8523765597677158
1659,0.8523474566332325
1660,0.8525186408214009
1661,0.8526127012491487
1662,0.8527353275628968
1663,0.8525239521780792
1664,0.8522347042961538
1665,0.8523949897632397
1666,0.8524214365256142
1667,0.852509909272116
1668,0.852590143444944
1669,0.852573127624697
1670,0.852598717872011
1671,0.8527178503856641
1672,0.8527548589536668
1673,0.8528738650739393
1674,0.8530100862148833
1675,0.8531270982041077
1676,0.8532698097547259
1677,0.8528098256284353
1678,0.852721272116639
1679,0.8524022333720718
1680,0.8523648505386573
1681,0.8521828913975805
1682,0.8521811623040122
1683,0.8522111177904113
1684,0.8520523249192168
1685,0.8514141810974588
1686,0.8513481388996055
1687,0.8506690446334251
1688,0.8505762502606024
1689,0.8505954718334939
1690,0.8507029988367574
1691,0.8504778232379436
1692,0.8503670679644355
1693,0.8503472874688563
1694,0.8504479821886163
1695,0.8503789781033154
1696,0.8499996217321484
1697,0.8501152140653048
1698,0.8501017950160982
1699,0.8501261938542793
1700,0.850166419697094
1701,0.8498554576903207
1702,0.8495524270080662
1703,0.8493332434202622
1704,0.8491897286290907
1705,0.8491944307270493
1706,0.8489199521183599
